"","Var1","Var2","p-value","Test statistic E","pvals_ajustados"
"44","HD1","HD2",0.022977022977023,0.58248577,0.423433709147995
"87","HD1","HD3",0.048951048951049,0.6607195,0.7129483419806
"88","HD2","HD3",0.863136863136863,0.0422021,1
"130","HD1","HD4",1,0,1
"131","HD2","HD4",1,0,1
"132","HD3","HD4",1,0,1
"173","HD1","HD5",0.000999000999000999,0.83686526,0.0474788369525212
"174","HD2","HD5",0.110889110889111,0.35616008,1
"175","HD3","HD5",1,0,1
"176","HD4","HD5",1,0,1
"216","HD1","HD6",1,0,1
"217","HD2","HD6",1,0,1
"218","HD3","HD6",1,0,1
"219","HD4","HD6",1,0,1
"220","HD5","HD6",1,0,1
"259","HD1","HD7",0.588411588411588,0.14896817,1
"260","HD2","HD7",1,0,1
"261","HD3","HD7",0.534465534465534,0.13217306,1
"262","HD4","HD7",0.49050949050949,0.16426325,1
"263","HD5","HD7",0.47952047952048,0.09964582,1
"264","HD6","HD7",1,0,1
"302","HD1","HD8",0.421578421578422,0.28554992,1
"303","HD2","HD8",1,0,1
"304","HD3","HD8",1,0,1
"305","HD4","HD8",0.965034965034965,0.00924908,1
"306","HD5","HD8",0.352647352647353,0.19346247,1
"307","HD6","HD8",1,0,1
"308","HD7","HD8",1,0,1
"345","HD1","EDU9",1,0,1
"346","HD2","EDU9",1,0,1
"347","HD3","EDU9",1,0,1
"348","HD4","EDU9",1,0,1
"349","HD5","EDU9",1,0,1
"350","HD6","EDU9",1,0,1
"351","HD7","EDU9",1,0,1
"352","HD8","EDU9",1,0,1
"388","HD1","EDU10",1,0,1
"389","HD2","EDU10",1,0,1
"390","HD3","EDU10",1,0,1
"391","HD4","EDU10",1,0,1
"392","HD5","EDU10",1,0,1
"393","HD6","EDU10",1,0,1
"394","HD7","EDU10",1,0,1
"395","HD8","EDU10",1,0,1
"396","EDU9","EDU10",1,0,1
"431","HD1","EDU11",1,0,1
"432","HD2","EDU11",1,0,1
"433","HD3","EDU11",1,0,1
"434","HD4","EDU11",1,0,1
"435","HD5","EDU11",0.350649350649351,0.14582059,1
"436","HD6","EDU11",1,0,1
"437","HD7","EDU11",1,0,1
"438","HD8","EDU11",1,0,1
"439","EDU9","EDU11",1,0,1
"440","EDU10","EDU11",0.568431568431568,0.07551278,1
"474","HD1","EDU12",0.851148851148851,0.07470391,1
"475","HD2","EDU12",1,0,1
"476","HD3","EDU12",1,0,1
"477","HD4","EDU12",1,0,1
"478","HD5","EDU12",1,0,1
"479","HD6","EDU12",1,0,1
"480","HD7","EDU12",0.853146853146853,0.02228212,1
"481","HD8","EDU12",0.811188811188811,0.05115852,1
"482","EDU9","EDU12",1,0,1
"483","EDU10","EDU12",1,0,1
"484","EDU11","EDU12",0.107892107892108,0.28338405,1
"517","HD1","EDU13",1,0,1
"518","HD2","EDU13",0.40959040959041,0.10774436,1
"519","HD3","EDU13",1,0,1
"520","HD4","EDU13",0.63036963036963,0.08448291,1
"521","HD5","EDU13",1,0,1
"522","HD6","EDU13",1,0,1
"523","HD7","EDU13",0.013986013986014,0.38044543,0.332351858667648
"524","HD8","EDU13",1,0,1
"525","EDU9","EDU13",1,0,1
"526","EDU10","EDU13",1,0,1
"527","EDU11","EDU13",1,0,1
"528","EDU12","EDU13",0.211788211788212,0.31283678,1
"560","HD1","EDU14",1,0,1
"561","HD2","EDU14",1,0,1
"562","HD3","EDU14",1,0,1
"563","HD4","EDU14",1,0,1
"564","HD5","EDU14",0.595404595404595,0.07805406,1
"565","HD6","EDU14",1,0,1
"566","HD7","EDU14",0.352647352647353,0.12547883,1
"567","HD8","EDU14",1,0,1
"568","EDU9","EDU14",1,0,1
"569","EDU10","EDU14",1,0,1
"570","EDU11","EDU14",1,0,1
"571","EDU12","EDU14",0.232767232767233,0.19669168,1
"572","EDU13","EDU14",1,0,1
"603","HD1","EDU15",1,0,1
"604","HD2","EDU15",1,0,1
"605","HD3","EDU15",1,0,1
"606","HD4","EDU15",1,0,1
"607","HD5","EDU15",0.022977022977023,0.10212127,0.423433709147995
"608","HD6","EDU15",1,0,1
"609","HD7","EDU15",1,0,1
"610","HD8","EDU15",1,0,1
"611","EDU9","EDU15",1,0,1
"612","EDU10","EDU15",0.248751248751249,0.26518713,1
"613","EDU11","EDU15",1,0,1
"614","EDU12","EDU15",1,0,1
"615","EDU13","EDU15",1,0,1
"616","EDU14","EDU15",1,0,1
"646","HD1","EDU16",1,0,1
"647","HD2","EDU16",1,0,1
"648","HD3","EDU16",1,0,1
"649","HD4","EDU16",1,0,1
"650","HD5","EDU16",0.208791208791209,0.45516872,1
"651","HD6","EDU16",1,0,1
"652","HD7","EDU16",1,0,1
"653","HD8","EDU16",1,0,1
"654","EDU9","EDU16",0.847152847152847,0.15151939,1
"655","EDU10","EDU16",1,0,1
"656","EDU11","EDU16",1,0,1
"657","EDU12","EDU16",1,0,1
"658","EDU13","EDU16",1,0,1
"659","EDU14","EDU16",1,0,1
"660","EDU15","EDU16",0.875124875124875,0.04623984,1
"689","HD1","EDU17",1,0,1
"690","HD2","EDU17",1,0,1
"691","HD3","EDU17",1,0,1
"692","HD4","EDU17",1,0,1
"693","HD5","EDU17",1,0,1
"694","HD6","EDU17",1,0,1
"695","HD7","EDU17",0.357642357642358,0.26075421,1
"696","HD8","EDU17",1,0,1
"697","EDU9","EDU17",0.488511488511489,0.62242619,1
"698","EDU10","EDU17",1,0,1
"699","EDU11","EDU17",1,0,1
"700","EDU12","EDU17",1,0,1
"701","EDU13","EDU17",1,0,1
"702","EDU14","EDU17",1,0,1
"703","EDU15","EDU17",0.1998001998002,0.43895784,1
"704","EDU16","EDU17",0.869130869130869,0.06387258,1
"732","HD1","FAM18",0.0849150849150849,0.1842594,1
"733","HD2","FAM18",1,0,1
"734","HD3","FAM18",1,0,1
"735","HD4","FAM18",1,0,1
"736","HD5","FAM18",0.236763236763237,0.15651603,1
"737","HD6","FAM18",1,0,1
"738","HD7","FAM18",0.163836163836164,0.21920011,1
"739","HD8","FAM18",1,0,1
"740","EDU9","FAM18",1,0,1
"741","EDU10","FAM18",1,0,1
"742","EDU11","FAM18",0.616383616383616,0.05583065,1
"743","EDU12","FAM18",1,0,1
"744","EDU13","FAM18",1,0,1
"745","EDU14","FAM18",1,0,1
"746","EDU15","FAM18",1,0,1
"747","EDU16","FAM18",1,0,1
"748","EDU17","FAM18",1,0,1
"775","HD1","FAM19",1,0,1
"776","HD2","FAM19",1,0,1
"777","HD3","FAM19",1,0,1
"778","HD4","FAM19",1,0,1
"779","HD5","FAM19",1,0,1
"780","HD6","FAM19",1,0,1
"781","HD7","FAM19",1,0,1
"782","HD8","FAM19",0.170829170829171,0.083827,1
"783","EDU9","FAM19",1,0,1
"784","EDU10","FAM19",1,0,1
"785","EDU11","FAM19",0.291708291708292,0.17862532,1
"786","EDU12","FAM19",0.145854145854146,0.3332122,1
"787","EDU13","FAM19",1,0,1
"788","EDU14","FAM19",0.523476523476524,0.10347262,1
"789","EDU15","FAM19",1,0,1
"790","EDU16","FAM19",1,0,1
"791","EDU17","FAM19",1,0,1
"792","FAM18","FAM19",1,0,1
"818","HD1","FAM20",1,0,1
"819","HD2","FAM20",1,0,1
"820","HD3","FAM20",1,0,1
"821","HD4","FAM20",1,0,1
"822","HD5","FAM20",1,0,1
"823","HD6","FAM20",1,0,1
"824","HD7","FAM20",1,0,1
"825","HD8","FAM20",1,0,1
"826","EDU9","FAM20",1,0,1
"827","EDU10","FAM20",1,0,1
"828","EDU11","FAM20",1,0,1
"829","EDU12","FAM20",1,0,1
"830","EDU13","FAM20",1,0,1
"831","EDU14","FAM20",1,0,1
"832","EDU15","FAM20",1,0,1
"833","EDU16","FAM20",1,0,1
"834","EDU17","FAM20",1,0,1
"835","FAM18","FAM20",1,0,1
"836","FAM19","FAM20",0.031968031968032,0.30667594,0.544662884285526
"861","HD1","FAM21",1,0,1
"862","HD2","FAM21",1,0,1
"863","HD3","FAM21",1,0,1
"864","HD4","FAM21",1,0,1
"865","HD5","FAM21",1,0,1
"866","HD6","FAM21",1,0,1
"867","HD7","FAM21",1,0,1
"868","HD8","FAM21",1,0,1
"869","EDU9","FAM21",1,0,1
"870","EDU10","FAM21",1,0,1
"871","EDU11","FAM21",1,0,1
"872","EDU12","FAM21",1,0,1
"873","EDU13","FAM21",1,0,1
"874","EDU14","FAM21",1,0,1
"875","EDU15","FAM21",1,0,1
"876","EDU16","FAM21",1,0,1
"877","EDU17","FAM21",1,0,1
"878","FAM18","FAM21",1,0,1
"879","FAM19","FAM21",1,0,1
"880","FAM20","FAM21",1,0,1
"904","HD1","UTL22",1,0,1
"905","HD2","UTL22",1,0,1
"906","HD3","UTL22",1,0,1
"907","HD4","UTL22",1,0,1
"908","HD5","UTL22",1,0,1
"909","HD6","UTL22",1,0,1
"910","HD7","UTL22",1,0,1
"911","HD8","UTL22",1,0,1
"912","EDU9","UTL22",1,0,1
"913","EDU10","UTL22",1,0,1
"914","EDU11","UTL22",1,0,1
"915","EDU12","UTL22",1,0,1
"916","EDU13","UTL22",1,0,1
"917","EDU14","UTL22",1,0,1
"918","EDU15","UTL22",1,0,1
"919","EDU16","UTL22",1,0,1
"920","EDU17","UTL22",1,0,1
"921","FAM18","UTL22",1,0,1
"922","FAM19","UTL22",1,0,1
"923","FAM20","UTL22",1,0,1
"924","FAM21","UTL22",1,0,1
"947","HD1","UTL23",1,0,1
"948","HD2","UTL23",1,0,1
"949","HD3","UTL23",1,0,1
"950","HD4","UTL23",1,0,1
"951","HD5","UTL23",1,0,1
"952","HD6","UTL23",1,0,1
"953","HD7","UTL23",1,0,1
"954","HD8","UTL23",1,0,1
"955","EDU9","UTL23",1,0,1
"956","EDU10","UTL23",1,0,1
"957","EDU11","UTL23",0.17982017982018,0.25515298,1
"958","EDU12","UTL23",0.048951048951049,0.33646954,0.7129483419806
"959","EDU13","UTL23",1,0,1
"960","EDU14","UTL23",0.003996003996004,0.44938519,0.128871128871129
"961","EDU15","UTL23",0.045954045954046,0.41362571,0.691608391608392
"962","EDU16","UTL23",1,0,1
"963","EDU17","UTL23",1,0,1
"964","FAM18","UTL23",1,0,1
"965","FAM19","UTL23",0.00999000999000999,0.34128695,0.265322912381736
"966","FAM20","UTL23",1,0,1
"967","FAM21","UTL23",1,0,1
"968","UTL22","UTL23",0.821178821178821,0.02840435,1
"990","HD1","PAR24",1,0,1
"991","HD2","PAR24",1,0,1
"992","HD3","PAR24",1,0,1
"993","HD4","PAR24",1,0,1
"994","HD5","PAR24",1,0,1
"995","HD6","PAR24",1,0,1
"996","HD7","PAR24",1,0,1
"997","HD8","PAR24",1,0,1
"998","EDU9","PAR24",1,0,1
"999","EDU10","PAR24",1,0,1
"1000","EDU11","PAR24",1,0,1
"1001","EDU12","PAR24",1,0,1
"1002","EDU13","PAR24",1,0,1
"1003","EDU14","PAR24",1,0,1
"1004","EDU15","PAR24",1,0,1
"1005","EDU16","PAR24",1,0,1
"1006","EDU17","PAR24",1,0,1
"1007","FAM18","PAR24",1,0,1
"1008","FAM19","PAR24",1,0,1
"1009","FAM20","PAR24",1,0,1
"1010","FAM21","PAR24",1,0,1
"1011","UTL22","PAR24",1,0,1
"1012","UTL23","PAR24",1,0,1
"1033","HD1","PAR25",1,0,1
"1034","HD2","PAR25",1,0,1
"1035","HD3","PAR25",1,0,1
"1036","HD4","PAR25",1,0,1
"1037","HD5","PAR25",1,0,1
"1038","HD6","PAR25",1,0,1
"1039","HD7","PAR25",1,0,1
"1040","HD8","PAR25",0.033966033966034,0.10397,0.557660521296885
"1041","EDU9","PAR25",1,0,1
"1042","EDU10","PAR25",1,0,1
"1043","EDU11","PAR25",1,0,1
"1044","EDU12","PAR25",1,0,1
"1045","EDU13","PAR25",1,0,1
"1046","EDU14","PAR25",1,0,1
"1047","EDU15","PAR25",1,0,1
"1048","EDU16","PAR25",1,0,1
"1049","EDU17","PAR25",1,0,1
"1050","FAM18","PAR25",1,0,1
"1051","FAM19","PAR25",1,0,1
"1052","FAM20","PAR25",1,0,1
"1053","FAM21","PAR25",1,0,1
"1054","UTL22","PAR25",1,0,1
"1055","UTL23","PAR25",0.000999000999000999,0.13830289,0.0474788369525212
"1056","PAR24","PAR25",1,0,1
"1076","HD1","PAR26",1,0,1
"1077","HD2","PAR26",1,0,1
"1078","HD3","PAR26",0.004995004995005,0.14079548,0.145499661628694
"1079","HD4","PAR26",1,0,1
"1080","HD5","PAR26",0.018981018981019,0.20812968,0.380885780885781
"1081","HD6","PAR26",1,0,1
"1082","HD7","PAR26",1,0,1
"1083","HD8","PAR26",0.001998001998002,0.1252916,0.0859140859140859
"1084","EDU9","PAR26",1,0,1
"1085","EDU10","PAR26",1,0,1
"1086","EDU11","PAR26",1,0,1
"1087","EDU12","PAR26",1,0,1
"1088","EDU13","PAR26",1,0,1
"1089","EDU14","PAR26",0.002997002997003,0.11156906,0.104088219472835
"1090","EDU15","PAR26",1,0,1
"1091","EDU16","PAR26",1,0,1
"1092","EDU17","PAR26",1,0,1
"1093","FAM18","PAR26",1,0,1
"1094","FAM19","PAR26",1,0,1
"1095","FAM20","PAR26",1,0,1
"1096","FAM21","PAR26",1,0,1
"1097","UTL22","PAR26",1,0,1
"1098","UTL23","PAR26",1,0,1
"1099","PAR24","PAR26",1,0,1
"1100","PAR25","PAR26",0.000999000999000999,0.23742819,0.0474788369525212
"1119","HD1","PAR27",1,0,1
"1120","HD2","PAR27",1,0,1
"1121","HD3","PAR27",1,0,1
"1122","HD4","PAR27",1,0,1
"1123","HD5","PAR27",1,0,1
"1124","HD6","PAR27",1,0,1
"1125","HD7","PAR27",1,0,1
"1126","HD8","PAR27",1,0,1
"1127","EDU9","PAR27",1,0,1
"1128","EDU10","PAR27",1,0,1
"1129","EDU11","PAR27",1,0,1
"1130","EDU12","PAR27",0.014985014985015,0.3548093,0.346960731576116
"1131","EDU13","PAR27",1,0,1
"1132","EDU14","PAR27",0.140859140859141,0.19184376,1
"1133","EDU15","PAR27",1,0,1
"1134","EDU16","PAR27",1,0,1
"1135","EDU17","PAR27",1,0,1
"1136","FAM18","PAR27",1,0,1
"1137","FAM19","PAR27",0.0689310689310689,0.22544361,0.928630193336076
"1138","FAM20","PAR27",1,0,1
"1139","FAM21","PAR27",1,0,1
"1140","UTL22","PAR27",1,0,1
"1141","UTL23","PAR27",1,0,1
"1142","PAR24","PAR27",1,0,1
"1143","PAR25","PAR27",1,0,1
"1144","PAR26","PAR27",0.260739260739261,0.16863566,1
"1162","HD1","CAD28",1,0,1
"1163","HD2","CAD28",1,0,1
"1164","HD3","CAD28",1,0,1
"1165","HD4","CAD28",0.356643356643357,0.08755969,1
"1166","HD5","CAD28",1,0,1
"1167","HD6","CAD28",1,0,1
"1168","HD7","CAD28",1,0,1
"1169","HD8","CAD28",1,0,1
"1170","EDU9","CAD28",1,0,1
"1171","EDU10","CAD28",0.000999000999000999,0.31133283,0.0474788369525212
"1172","EDU11","CAD28",1,0,1
"1173","EDU12","CAD28",1,0,1
"1174","EDU13","CAD28",0.044955044955045,0.09125798,0.688040772786535
"1175","EDU14","CAD28",1,0,1
"1176","EDU15","CAD28",1,0,1
"1177","EDU16","CAD28",1,0,1
"1178","EDU17","CAD28",1,0,1
"1179","FAM18","CAD28",1,0,1
"1180","FAM19","CAD28",1,0,1
"1181","FAM20","CAD28",1,0,1
"1182","FAM21","CAD28",1,0,1
"1183","UTL22","CAD28",1,0,1
"1184","UTL23","CAD28",1,0,1
"1185","PAR24","CAD28",1,0,1
"1186","PAR25","CAD28",0.000999000999000999,0.13668786,0.0474788369525212
"1187","PAR26","CAD28",1,0,1
"1188","PAR27","CAD28",1,0,1
"1205","HD1","CAD29",1,0,1
"1206","HD2","CAD29",0.000999000999000999,0.1561016,0.0474788369525212
"1207","HD3","CAD29",1,0,1
"1208","HD4","CAD29",1,0,1
"1209","HD5","CAD29",1,0,1
"1210","HD6","CAD29",1,0,1
"1211","HD7","CAD29",1,0,1
"1212","HD8","CAD29",1,0,1
"1213","EDU9","CAD29",1,0,1
"1214","EDU10","CAD29",1,0,1
"1215","EDU11","CAD29",1,0,1
"1216","EDU12","CAD29",0.051948051948052,0.29767033,0.744588744588745
"1217","EDU13","CAD29",1,0,1
"1218","EDU14","CAD29",0.00699300699300699,0.34583346,0.19135410044501
"1219","EDU15","CAD29",1,0,1
"1220","EDU16","CAD29",1,0,1
"1221","EDU17","CAD29",1,0,1
"1222","FAM18","CAD29",1,0,1
"1223","FAM19","CAD29",1,0,1
"1224","FAM20","CAD29",1,0,1
"1225","FAM21","CAD29",1,0,1
"1226","UTL22","CAD29",1,0,1
"1227","UTL23","CAD29",1,0,1
"1228","PAR24","CAD29",1,0,1
"1229","PAR25","CAD29",0.013986013986014,0.23687581,0.332351858667648
"1230","PAR26","CAD29",1,0,1
"1231","PAR27","CAD29",1,0,1
"1232","CAD28","CAD29",0.0889110889110889,0.29228406,1
"1248","HD1","CAD30",1,0,1
"1249","HD2","CAD30",1,0,1
"1250","HD3","CAD30",1,0,1
"1251","HD4","CAD30",1,0,1
"1252","HD5","CAD30",1,0,1
"1253","HD6","CAD30",1,0,1
"1254","HD7","CAD30",0.305694305694306,0.30134594,1
"1255","HD8","CAD30",1,0,1
"1256","EDU9","CAD30",1,0,1
"1257","EDU10","CAD30",1,0,1
"1258","EDU11","CAD30",1,0,1
"1259","EDU12","CAD30",1,0,1
"1260","EDU13","CAD30",1,0,1
"1261","EDU14","CAD30",1,0,1
"1262","EDU15","CAD30",1,0,1
"1263","EDU16","CAD30",0.000999000999000999,0.55595719,0.0474788369525212
"1264","EDU17","CAD30",1,0,1
"1265","FAM18","CAD30",1,0,1
"1266","FAM19","CAD30",1,0,1
"1267","FAM20","CAD30",1,0,1
"1268","FAM21","CAD30",1,0,1
"1269","UTL22","CAD30",1,0,1
"1270","UTL23","CAD30",1,0,1
"1271","PAR24","CAD30",1,0,1
"1272","PAR25","CAD30",0.208791208791209,0.19910797,1
"1273","PAR26","CAD30",0.0589410589410589,0.09580096,0.831621503496504
"1274","PAR27","CAD30",1,0,1
"1275","CAD28","CAD30",0.000999000999000999,1.84501898,0.0474788369525212
"1276","CAD29","CAD30",0.011988011988012,1.13442208,0.309290709290709
"1291","HD1","CAD31",1,0,1
"1292","HD2","CAD31",0.017982017982018,0.25117775,0.377622377622378
"1293","HD3","CAD31",1,0,1
"1294","HD4","CAD31",1,0,1
"1295","HD5","CAD31",0.000999000999000999,0.4805332,0.0474788369525212
"1296","HD6","CAD31",1,0,1
"1297","HD7","CAD31",0.02997002997003,0.10086135,0.530645824763472
"1298","HD8","CAD31",1,0,1
"1299","EDU9","CAD31",1,0,1
"1300","EDU10","CAD31",0.017982017982018,0.139587,0.377622377622378
"1301","EDU11","CAD31",0.000999000999000999,0.25249613,0.0474788369525212
"1302","EDU12","CAD31",1,0,1
"1303","EDU13","CAD31",1,0,1
"1304","EDU14","CAD31",0.038961038961039,0.1567908,0.606583072100313
"1305","EDU15","CAD31",1,0,1
"1306","EDU16","CAD31",1,0,1
"1307","EDU17","CAD31",1,0,1
"1308","FAM18","CAD31",1,0,1
"1309","FAM19","CAD31",1,0,1
"1310","FAM20","CAD31",1,0,1
"1311","FAM21","CAD31",1,0,1
"1312","UTL22","CAD31",1,0,1
"1313","UTL23","CAD31",1,0,1
"1314","PAR24","CAD31",1,0,1
"1315","PAR25","CAD31",1,0,1
"1316","PAR26","CAD31",1,0,1
"1317","PAR27","CAD31",1,0,1
"1318","CAD28","CAD31",0.000999000999000999,0.63569226,0.0474788369525212
"1319","CAD29","CAD31",0.000999000999000999,1.82529673,0.0474788369525212
"1320","CAD30","CAD31",0.000999000999000999,0.51091824,0.0474788369525212
"1334","HD1","CAD32",1,0,1
"1335","HD2","CAD32",1,0,1
"1336","HD3","CAD32",1,0,1
"1337","HD4","CAD32",1,0,1
"1338","HD5","CAD32",1,0,1
"1339","HD6","CAD32",1,0,1
"1340","HD7","CAD32",1,0,1
"1341","HD8","CAD32",1,0,1
"1342","EDU9","CAD32",1,0,1
"1343","EDU10","CAD32",1,0,1
"1344","EDU11","CAD32",1,0,1
"1345","EDU12","CAD32",1,0,1
"1346","EDU13","CAD32",1,0,1
"1347","EDU14","CAD32",1,0,1
"1348","EDU15","CAD32",1,0,1
"1349","EDU16","CAD32",1,0,1
"1350","EDU17","CAD32",1,0,1
"1351","FAM18","CAD32",1,0,1
"1352","FAM19","CAD32",1,0,1
"1353","FAM20","CAD32",1,0,1
"1354","FAM21","CAD32",1,0,1
"1355","UTL22","CAD32",1,0,1
"1356","UTL23","CAD32",1,0,1
"1357","PAR24","CAD32",1,0,1
"1358","PAR25","CAD32",1,0,1
"1359","PAR26","CAD32",1,0,1
"1360","PAR27","CAD32",1,0,1
"1361","CAD28","CAD32",1,0,1
"1362","CAD29","CAD32",1,0,1
"1363","CAD30","CAD32",0.402597402597403,0.30173247,1
"1364","CAD31","CAD32",0.015984015984016,0.55393314,0.352038205696742
"1377","HD1","CAD33",1,0,1
"1378","HD2","CAD33",1,0,1
"1379","HD3","CAD33",1,0,1
"1380","HD4","CAD33",1,0,1
"1381","HD5","CAD33",1,0,1
"1382","HD6","CAD33",1,0,1
"1383","HD7","CAD33",1,0,1
"1384","HD8","CAD33",1,0,1
"1385","EDU9","CAD33",1,0,1
"1386","EDU10","CAD33",1,0,1
"1387","EDU11","CAD33",1,0,1
"1388","EDU12","CAD33",1,0,1
"1389","EDU13","CAD33",1,0,1
"1390","EDU14","CAD33",1,0,1
"1391","EDU15","CAD33",1,0,1
"1392","EDU16","CAD33",1,0,1
"1393","EDU17","CAD33",1,0,1
"1394","FAM18","CAD33",0.233766233766234,0.30416484,1
"1395","FAM19","CAD33",1,0,1
"1396","FAM20","CAD33",1,0,1
"1397","FAM21","CAD33",1,0,1
"1398","UTL22","CAD33",1,0,1
"1399","UTL23","CAD33",1,0,1
"1400","PAR24","CAD33",1,0,1
"1401","PAR25","CAD33",1,0,1
"1402","PAR26","CAD33",1,0,1
"1403","PAR27","CAD33",0.036963036963037,0.08642106,0.585572322414428
"1404","CAD28","CAD33",0.002997002997003,0.08959722,0.104088219472835
"1405","CAD29","CAD33",1,0,1
"1406","CAD30","CAD33",0.003996003996004,0.92391099,0.128871128871129
"1407","CAD31","CAD33",0.111888111888112,0.51655183,1
"1408","CAD32","CAD33",0.751248751248751,0.08822574,1
"1420","HD1","CAD34",1,0,1
"1421","HD2","CAD34",1,0,1
"1422","HD3","CAD34",1,0,1
"1423","HD4","CAD34",1,0,1
"1424","HD5","CAD34",1,0,1
"1425","HD6","CAD34",1,0,1
"1426","HD7","CAD34",1,0,1
"1427","HD8","CAD34",1,0,1
"1428","EDU9","CAD34",1,0,1
"1429","EDU10","CAD34",1,0,1
"1430","EDU11","CAD34",1,0,1
"1431","EDU12","CAD34",1,0,1
"1432","EDU13","CAD34",1,0,1
"1433","EDU14","CAD34",1,0,1
"1434","EDU15","CAD34",0.013986013986014,0.48543484,0.332351858667648
"1435","EDU16","CAD34",1,0,1
"1436","EDU17","CAD34",1,0,1
"1437","FAM18","CAD34",1,0,1
"1438","FAM19","CAD34",1,0,1
"1439","FAM20","CAD34",1,0,1
"1440","FAM21","CAD34",1,0,1
"1441","UTL22","CAD34",1,0,1
"1442","UTL23","CAD34",1,0,1
"1443","PAR24","CAD34",1,0,1
"1444","PAR25","CAD34",1,0,1
"1445","PAR26","CAD34",1,0,1
"1446","PAR27","CAD34",1,0,1
"1447","CAD28","CAD34",1,0,1
"1448","CAD29","CAD34",1,0,1
"1449","CAD30","CAD34",0.000999000999000999,0.94396741,0.0474788369525212
"1450","CAD31","CAD34",0.000999000999000999,1.41697887,0.0474788369525212
"1451","CAD32","CAD34",0.001998001998002,1.30682606,0.0859140859140859
"1452","CAD33","CAD34",0.260739260739261,0.37013497,1
"1463","HD1","CAD35",1,0,1
"1464","HD2","CAD35",1,0,1
"1465","HD3","CAD35",1,0,1
"1466","HD4","CAD35",1,0,1
"1467","HD5","CAD35",1,0,1
"1468","HD6","CAD35",1,0,1
"1469","HD7","CAD35",1,0,1
"1470","HD8","CAD35",1,0,1
"1471","EDU9","CAD35",1,0,1
"1472","EDU10","CAD35",1,0,1
"1473","EDU11","CAD35",1,0,1
"1474","EDU12","CAD35",1,0,1
"1475","EDU13","CAD35",1,0,1
"1476","EDU14","CAD35",1,0,1
"1477","EDU15","CAD35",1,0,1
"1478","EDU16","CAD35",1,0,1
"1479","EDU17","CAD35",1,0,1
"1480","FAM18","CAD35",1,0,1
"1481","FAM19","CAD35",1,0,1
"1482","FAM20","CAD35",1,0,1
"1483","FAM21","CAD35",1,0,1
"1484","UTL22","CAD35",1,0,1
"1485","UTL23","CAD35",1,0,1
"1486","PAR24","CAD35",1,0,1
"1487","PAR25","CAD35",1,0,1
"1488","PAR26","CAD35",1,0,1
"1489","PAR27","CAD35",1,0,1
"1490","CAD28","CAD35",1,0,1
"1491","CAD29","CAD35",1,0,1
"1492","CAD30","CAD35",1,0,1
"1493","CAD31","CAD35",0.0729270729270729,1.20439434,0.954393432654302
"1494","CAD32","CAD35",1,0,1
"1495","CAD33","CAD35",0.877122877122877,0.09355636,1
"1496","CAD34","CAD35",1,0,1
"1506","HD1","PRO36",1,0,1
"1507","HD2","PRO36",1,0,1
"1508","HD3","PRO36",1,0,1
"1509","HD4","PRO36",1,0,1
"1510","HD5","PRO36",1,0,1
"1511","HD6","PRO36",1,0,1
"1512","HD7","PRO36",1,0,1
"1513","HD8","PRO36",1,0,1
"1514","EDU9","PRO36",1,0,1
"1515","EDU10","PRO36",1,0,1
"1516","EDU11","PRO36",1,0,1
"1517","EDU12","PRO36",1,0,1
"1518","EDU13","PRO36",1,0,1
"1519","EDU14","PRO36",1,0,1
"1520","EDU15","PRO36",1,0,1
"1521","EDU16","PRO36",1,0,1
"1522","EDU17","PRO36",1,0,1
"1523","FAM18","PRO36",1,0,1
"1524","FAM19","PRO36",1,0,1
"1525","FAM20","PRO36",1,0,1
"1526","FAM21","PRO36",1,0,1
"1527","UTL22","PRO36",1,0,1
"1528","UTL23","PRO36",1,0,1
"1529","PAR24","PRO36",1,0,1
"1530","PAR25","PRO36",1,0,1
"1531","PAR26","PRO36",1,0,1
"1532","PAR27","PRO36",1,0,1
"1533","CAD28","PRO36",1,0,1
"1534","CAD29","PRO36",1,0,1
"1535","CAD30","PRO36",1,0,1
"1536","CAD31","PRO36",1,0,1
"1537","CAD32","PRO36",1,0,1
"1538","CAD33","PRO36",0.031968031968032,0.26358871,0.544662884285526
"1539","CAD34","PRO36",1,0,1
"1540","CAD35","PRO36",1,0,1
"1549","HD1","PRO37",1,0,1
"1550","HD2","PRO37",1,0,1
"1551","HD3","PRO37",1,0,1
"1552","HD4","PRO37",1,0,1
"1553","HD5","PRO37",1,0,1
"1554","HD6","PRO37",1,0,1
"1555","HD7","PRO37",1,0,1
"1556","HD8","PRO37",1,0,1
"1557","EDU9","PRO37",1,0,1
"1558","EDU10","PRO37",0.004995004995005,0.42792182,0.145499661628694
"1559","EDU11","PRO37",0.133866133866134,0.02671918,1
"1560","EDU12","PRO37",1,0,1
"1561","EDU13","PRO37",1,0,1
"1562","EDU14","PRO37",1,0,1
"1563","EDU15","PRO37",1,0,1
"1564","EDU16","PRO37",1,0,1
"1565","EDU17","PRO37",1,0,1
"1566","FAM18","PRO37",1,0,1
"1567","FAM19","PRO37",1,0,1
"1568","FAM20","PRO37",1,0,1
"1569","FAM21","PRO37",1,0,1
"1570","UTL22","PRO37",0.0639360639360639,0.04978168,0.874761602034329
"1571","UTL23","PRO37",1,0,1
"1572","PAR24","PRO37",1,0,1
"1573","PAR25","PRO37",0.023976023976024,0.2444817,0.433006993006993
"1574","PAR26","PRO37",0.020979020979021,0.091336,0.403065020086297
"1575","PAR27","PRO37",1,0,1
"1576","CAD28","PRO37",1,0,1
"1577","CAD29","PRO37",1,0,1
"1578","CAD30","PRO37",1,0,1
"1579","CAD31","PRO37",1,0,1
"1580","CAD32","PRO37",1,0,1
"1581","CAD33","PRO37",1,0,1
"1582","CAD34","PRO37",1,0,1
"1583","CAD35","PRO37",1,0,1
"1584","PRO36","PRO37",1,0,1
"1592","HD1","PRO38",1,0,1
"1593","HD2","PRO38",1,0,1
"1594","HD3","PRO38",0.26973026973027,0.11568105,1
"1595","HD4","PRO38",1,0,1
"1596","HD5","PRO38",1,0,1
"1597","HD6","PRO38",1,0,1
"1598","HD7","PRO38",1,0,1
"1599","HD8","PRO38",1,0,1
"1600","EDU9","PRO38",1,0,1
"1601","EDU10","PRO38",1,0,1
"1602","EDU11","PRO38",1,0,1
"1603","EDU12","PRO38",1,0,1
"1604","EDU13","PRO38",1,0,1
"1605","EDU14","PRO38",1,0,1
"1606","EDU15","PRO38",1,0,1
"1607","EDU16","PRO38",1,0,1
"1608","EDU17","PRO38",1,0,1
"1609","FAM18","PRO38",1,0,1
"1610","FAM19","PRO38",1,0,1
"1611","FAM20","PRO38",1,0,1
"1612","FAM21","PRO38",1,0,1
"1613","UTL22","PRO38",1,0,1
"1614","UTL23","PRO38",1,0,1
"1615","PAR24","PRO38",1,0,1
"1616","PAR25","PRO38",1,0,1
"1617","PAR26","PRO38",1,0,1
"1618","PAR27","PRO38",1,0,1
"1619","CAD28","PRO38",1,0,1
"1620","CAD29","PRO38",0.706293706293706,0.07227001,1
"1621","CAD30","PRO38",1,0,1
"1622","CAD31","PRO38",1,0,1
"1623","CAD32","PRO38",1,0,1
"1624","CAD33","PRO38",1,0,1
"1625","CAD34","PRO38",1,0,1
"1626","CAD35","PRO38",1,0,1
"1627","PRO36","PRO38",1,0,1
"1628","PRO37","PRO38",1,0,1
"1635","HD1","PRO39",1,0,1
"1636","HD2","PRO39",1,0,1
"1637","HD3","PRO39",1,0,1
"1638","HD4","PRO39",1,0,1
"1639","HD5","PRO39",1,0,1
"1640","HD6","PRO39",1,0,1
"1641","HD7","PRO39",0.568431568431568,0.17936233,1
"1642","HD8","PRO39",1,0,1
"1643","EDU9","PRO39",1,0,1
"1644","EDU10","PRO39",1,0,1
"1645","EDU11","PRO39",1,0,1
"1646","EDU12","PRO39",1,0,1
"1647","EDU13","PRO39",1,0,1
"1648","EDU14","PRO39",1,0,1
"1649","EDU15","PRO39",1,0,1
"1650","EDU16","PRO39",1,0,1
"1651","EDU17","PRO39",1,0,1
"1652","FAM18","PRO39",1,0,1
"1653","FAM19","PRO39",1,0,1
"1654","FAM20","PRO39",1,0,1
"1655","FAM21","PRO39",1,0,1
"1656","UTL22","PRO39",1,0,1
"1657","UTL23","PRO39",1,0,1
"1658","PAR24","PRO39",1,0,1
"1659","PAR25","PRO39",1,0,1
"1660","PAR26","PRO39",1,0,1
"1661","PAR27","PRO39",1,0,1
"1662","CAD28","PRO39",1,0,1
"1663","CAD29","PRO39",0.482517482517482,0.32245374,1
"1664","CAD30","PRO39",1,0,1
"1665","CAD31","PRO39",1,0,1
"1666","CAD32","PRO39",1,0,1
"1667","CAD33","PRO39",1,0,1
"1668","CAD34","PRO39",1,0,1
"1669","CAD35","PRO39",1,0,1
"1670","PRO36","PRO39",1,0,1
"1671","PRO37","PRO39",1,0,1
"1672","PRO38","PRO39",0.470529470529471,0.16537141,1
"1678","HD1","PAT40",1,0,1
"1679","HD2","PAT40",1,0,1
"1680","HD3","PAT40",1,0,1
"1681","HD4","PAT40",1,0,1
"1682","HD5","PAT40",1,0,1
"1683","HD6","PAT40",1,0,1
"1684","HD7","PAT40",1,0,1
"1685","HD8","PAT40",1,0,1
"1686","EDU9","PAT40",1,0,1
"1687","EDU10","PAT40",1,0,1
"1688","EDU11","PAT40",1,0,1
"1689","EDU12","PAT40",1,0,1
"1690","EDU13","PAT40",1,0,1
"1691","EDU14","PAT40",0.015984015984016,0.11853542,0.352038205696742
"1692","EDU15","PAT40",1,0,1
"1693","EDU16","PAT40",0.564435564435564,0.437329,1
"1694","EDU17","PAT40",1,0,1
"1695","FAM18","PAT40",1,0,1
"1696","FAM19","PAT40",1,0,1
"1697","FAM20","PAT40",1,0,1
"1698","FAM21","PAT40",1,0,1
"1699","UTL22","PAT40",1,0,1
"1700","UTL23","PAT40",0.122877122877123,0.33631629,1
"1701","PAR24","PAT40",1,0,1
"1702","PAR25","PAT40",1,0,1
"1703","PAR26","PAT40",1,0,1
"1704","PAR27","PAT40",0.020979020979021,0.12321642,0.403065020086297
"1705","CAD28","PAT40",1,0,1
"1706","CAD29","PAT40",1,0,1
"1707","CAD30","PAT40",1,0,1
"1708","CAD31","PAT40",1,0,1
"1709","CAD32","PAT40",1,0,1
"1710","CAD33","PAT40",1,0,1
"1711","CAD34","PAT40",1,0,1
"1712","CAD35","PAT40",1,0,1
"1713","PRO36","PAT40",1,0,1
"1714","PRO37","PAT40",0.398601398601399,0.17151881,1
"1715","PRO38","PAT40",1,0,1
"1716","PRO39","PAT40",1,0,1
"1721","HD1","PAT41",1,0,1
"1722","HD2","PAT41",1,0,1
"1723","HD3","PAT41",1,0,1
"1724","HD4","PAT41",1,0,1
"1725","HD5","PAT41",0.242757242757243,0.17994708,1
"1726","HD6","PAT41",1,0,1
"1727","HD7","PAT41",1,0,1
"1728","HD8","PAT41",0.018981018981019,0.45677818,0.380885780885781
"1729","EDU9","PAT41",1,0,1
"1730","EDU10","PAT41",1,0,1
"1731","EDU11","PAT41",1,0,1
"1732","EDU12","PAT41",1,0,1
"1733","EDU13","PAT41",1,0,1
"1734","EDU14","PAT41",0.507492507492508,0.11756133,1
"1735","EDU15","PAT41",1,0,1
"1736","EDU16","PAT41",1,0,1
"1737","EDU17","PAT41",1,0,1
"1738","FAM18","PAT41",1,0,1
"1739","FAM19","PAT41",1,0,1
"1740","FAM20","PAT41",1,0,1
"1741","FAM21","PAT41",1,0,1
"1742","UTL22","PAT41",1,0,1
"1743","UTL23","PAT41",1,0,1
"1744","PAR24","PAT41",1,0,1
"1745","PAR25","PAT41",1,0,1
"1746","PAR26","PAT41",1,0,1
"1747","PAR27","PAT41",1,0,1
"1748","CAD28","PAT41",1,0,1
"1749","CAD29","PAT41",0.035964035964036,0.33785497,0.57992007992008
"1750","CAD30","PAT41",1,0,1
"1751","CAD31","PAT41",1,0,1
"1752","CAD32","PAT41",1,0,1
"1753","CAD33","PAT41",1,0,1
"1754","CAD34","PAT41",1,0,1
"1755","CAD35","PAT41",1,0,1
"1756","PRO36","PAT41",1,0,1
"1757","PRO37","PAT41",1,0,1
"1758","PRO38","PAT41",0.283716283716284,0.10291501,1
"1759","PRO39","PAT41",1,0,1
"1760","PAT40","PAT41",0.032967032967033,0.49398974,0.551282051282051
"1764","HD1","PAT42",1,0,1
"1765","HD2","PAT42",1,0,1
"1766","HD3","PAT42",1,0,1
"1767","HD4","PAT42",1,0,1
"1768","HD5","PAT42",1,0,1
"1769","HD6","PAT42",1,0,1
"1770","HD7","PAT42",1,0,1
"1771","HD8","PAT42",1,0,1
"1772","EDU9","PAT42",1,0,1
"1773","EDU10","PAT42",1,0,1
"1774","EDU11","PAT42",1,0,1
"1775","EDU12","PAT42",1,0,1
"1776","EDU13","PAT42",1,0,1
"1777","EDU14","PAT42",1,0,1
"1778","EDU15","PAT42",1,0,1
"1779","EDU16","PAT42",1,0,1
"1780","EDU17","PAT42",1,0,1
"1781","FAM18","PAT42",1,0,1
"1782","FAM19","PAT42",1,0,1
"1783","FAM20","PAT42",1,0,1
"1784","FAM21","PAT42",1,0,1
"1785","UTL22","PAT42",1,0,1
"1786","UTL23","PAT42",1,0,1
"1787","PAR24","PAT42",1,0,1
"1788","PAR25","PAT42",1,0,1
"1789","PAR26","PAT42",1,0,1
"1790","PAR27","PAT42",1,0,1
"1791","CAD28","PAT42",1,0,1
"1792","CAD29","PAT42",1,0,1
"1793","CAD30","PAT42",1,0,1
"1794","CAD31","PAT42",1,0,1
"1795","CAD32","PAT42",1,0,1
"1796","CAD33","PAT42",0.004995004995005,0.38698513,0.145499661628694
"1797","CAD34","PAT42",1,0,1
"1798","CAD35","PAT42",1,0,1
"1799","PRO36","PAT42",0.000999000999000999,1.61579742,0.0474788369525212
"1800","PRO37","PAT42",0.00599400599400599,0.85437715,0.169143356643357
"1801","PRO38","PAT42",0.515484515484515,0.14050462,1
"1802","PRO39","PAT42",0.175824175824176,0.81597184,1
"1803","PAT40","PAT42",1,0,1
"1804","PAT41","PAT42",1,0,1
"1807","HD1","PAT43",0.002997002997003,0.16914261,0.104088219472835
"1808","HD2","PAT43",1,0,1
"1809","HD3","PAT43",1,0,1
"1810","HD4","PAT43",0.146853146853147,0.14855092,1
"1811","HD5","PAT43",0.000999000999000999,0.17353046,0.0474788369525212
"1812","HD6","PAT43",1,0,1
"1813","HD7","PAT43",1,0,1
"1814","HD8","PAT43",1,0,1
"1815","EDU9","PAT43",1,0,1
"1816","EDU10","PAT43",0.244755244755245,0.17598754,1
"1817","EDU11","PAT43",0.0609390609390609,0.40783175,0.846584185045724
"1818","EDU12","PAT43",0.583416583416583,0.16226272,1
"1819","EDU13","PAT43",1,0,1
"1820","EDU14","PAT43",0.255744255744256,0.23209352,1
"1821","EDU15","PAT43",1,0,1
"1822","EDU16","PAT43",1,0,1
"1823","EDU17","PAT43",1,0,1
"1824","FAM18","PAT43",1,0,1
"1825","FAM19","PAT43",0.805194805194805,0.06723384,1
"1826","FAM20","PAT43",1,0,1
"1827","FAM21","PAT43",1,0,1
"1828","UTL22","PAT43",1,0,1
"1829","UTL23","PAT43",0.002997002997003,0.6072019,0.104088219472835
"1830","PAR24","PAT43",1,0,1
"1831","PAR25","PAT43",0.0809190809190809,0.20617188,1
"1832","PAR26","PAT43",0.0699300699300699,0.23198956,0.928630193336076
"1833","PAR27","PAT43",0.421578421578422,0.14690521,1
"1834","CAD28","PAT43",0.132867132867133,0.17915398,1
"1835","CAD29","PAT43",1,0,1
"1836","CAD30","PAT43",1,0,1
"1837","CAD31","PAT43",0.000999000999000999,0.10635821,0.0474788369525212
"1838","CAD32","PAT43",1,0,1
"1839","CAD33","PAT43",1,0,1
"1840","CAD34","PAT43",1,0,1
"1841","CAD35","PAT43",1,0,1
"1842","PRO36","PAT43",1,0,1
"1843","PRO37","PAT43",0.002997002997003,0.28781506,0.104088219472835
"1844","PRO38","PAT43",1,0,1
"1845","PRO39","PAT43",1,0,1
"1846","PAT40","PAT43",1,0,1
"1847","PAT41","PAT43",0.000999000999000999,0.11064722,0.0474788369525212
"1848","PAT42","PAT43",1,0,1
